file_path,file_name,label_name,label
fan/id_00/normal/00000441.wav,00000441.wav,normal,0
fan/id_00/normal/00000989.wav,00000989.wav,normal,0
fan/id_00/abnormal/00000074.wav,00000074.wav,abnormal,1
fan/id_00/abnormal/00000165.wav,00000165.wav,abnormal,1
fan/id_00/normal/00000705.wav,00000705.wav,normal,0
fan/id_00/normal/00000262.wav,00000262.wav,normal,0
fan/id_00/normal/00000456.wav,00000456.wav,normal,0
fan/id_00/abnormal/00000302.wav,00000302.wav,abnormal,1
fan/id_00/abnormal/00000180.wav,00000180.wav,abnormal,1
fan/id_00/abnormal/00000341.wav,00000341.wav,abnormal,1
fan/id_00/normal/00000941.wav,00000941.wav,normal,0
fan/id_00/normal/00000113.wav,00000113.wav,normal,0
fan/id_00/normal/00000398.wav,00000398.wav,normal,0
fan/id_00/normal/00000377.wav,00000377.wav,normal,0
fan/id_00/abnormal/00000143.wav,00000143.wav,abnormal,1
fan/id_00/normal/00000495.wav,00000495.wav,normal,0
fan/id_00/abnormal/00000118.wav,00000118.wav,abnormal,1
fan/id_00/normal/00000618.wav,00000618.wav,normal,0
fan/id_00/abnormal/00000254.wav,00000254.wav,abnormal,1
fan/id_00/abnormal/00000044.wav,00000044.wav,abnormal,1
fan/id_00/abnormal/00000215.wav,00000215.wav,abnormal,1
fan/id_00/normal/00000048.wav,00000048.wav,normal,0
fan/id_00/abnormal/00000405.wav,00000405.wav,abnormal,1
fan/id_00/normal/00000480.wav,00000480.wav,normal,0
fan/id_00/normal/00000016.wav,00000016.wav,normal,0
fan/id_00/normal/00000479.wav,00000479.wav,normal,0
fan/id_00/normal/00000668.wav,00000668.wav,normal,0
fan/id_00/normal/00000026.wav,00000026.wav,normal,0
fan/id_00/abnormal/00000262.wav,00000262.wav,abnormal,1
fan/id_00/normal/00000979.wav,00000979.wav,normal,0
fan/id_00/abnormal/00000081.wav,00000081.wav,abnormal,1
fan/id_00/normal/00000976.wav,00000976.wav,normal,0
fan/id_00/normal/00000457.wav,00000457.wav,normal,0
fan/id_00/normal/00000244.wav,00000244.wav,normal,0
fan/id_00/abnormal/00000355.wav,00000355.wav,abnormal,1
fan/id_00/normal/00000500.wav,00000500.wav,normal,0
fan/id_00/normal/00000245.wav,00000245.wav,normal,0
fan/id_00/normal/00000290.wav,00000290.wav,normal,0
fan/id_00/abnormal/00000189.wav,00000189.wav,abnormal,1
fan/id_00/abnormal/00000195.wav,00000195.wav,abnormal,1
fan/id_00/normal/00000213.wav,00000213.wav,normal,0
fan/id_00/normal/00000932.wav,00000932.wav,normal,0
fan/id_00/normal/00000833.wav,00000833.wav,normal,0
fan/id_00/normal/00000915.wav,00000915.wav,normal,0
fan/id_00/normal/00000452.wav,00000452.wav,normal,0
fan/id_00/normal/00000446.wav,00000446.wav,normal,0
fan/id_00/normal/00000718.wav,00000718.wav,normal,0
fan/id_00/normal/00001006.wav,00001006.wav,normal,0
fan/id_00/normal/00000190.wav,00000190.wav,normal,0
fan/id_00/normal/00000808.wav,00000808.wav,normal,0
fan/id_00/normal/00000762.wav,00000762.wav,normal,0
fan/id_00/normal/00000760.wav,00000760.wav,normal,0
fan/id_00/abnormal/00000311.wav,00000311.wav,abnormal,1
fan/id_00/normal/00000057.wav,00000057.wav,normal,0
fan/id_00/normal/00000828.wav,00000828.wav,normal,0
fan/id_00/normal/00000584.wav,00000584.wav,normal,0
fan/id_00/normal/00001008.wav,00001008.wav,normal,0
fan/id_00/abnormal/00000046.wav,00000046.wav,abnormal,1
fan/id_00/normal/00000334.wav,00000334.wav,normal,0
fan/id_00/abnormal/00000298.wav,00000298.wav,abnormal,1
fan/id_00/normal/00000151.wav,00000151.wav,normal,0
fan/id_00/normal/00000604.wav,00000604.wav,normal,0
fan/id_00/normal/00000499.wav,00000499.wav,normal,0
fan/id_00/normal/00001000.wav,00001000.wav,normal,0
fan/id_00/normal/00000183.wav,00000183.wav,normal,0
fan/id_00/normal/00000617.wav,00000617.wav,normal,0
fan/id_00/normal/00000265.wav,00000265.wav,normal,0
fan/id_00/normal/00000501.wav,00000501.wav,normal,0
fan/id_00/abnormal/00000229.wav,00000229.wav,abnormal,1
fan/id_00/abnormal/00000032.wav,00000032.wav,abnormal,1
fan/id_00/normal/00000847.wav,00000847.wav,normal,0
fan/id_00/normal/00000861.wav,00000861.wav,normal,0
fan/id_00/normal/00000597.wav,00000597.wav,normal,0
fan/id_00/abnormal/00000177.wav,00000177.wav,abnormal,1
fan/id_00/abnormal/00000283.wav,00000283.wav,abnormal,1
fan/id_00/abnormal/00000020.wav,00000020.wav,abnormal,1
fan/id_00/normal/00000652.wav,00000652.wav,normal,0
fan/id_00/abnormal/00000223.wav,00000223.wav,abnormal,1
fan/id_00/normal/00000025.wav,00000025.wav,normal,0
fan/id_00/normal/00000208.wav,00000208.wav,normal,0
fan/id_00/abnormal/00000030.wav,00000030.wav,abnormal,1
fan/id_00/normal/00000464.wav,00000464.wav,normal,0
fan/id_00/normal/00000053.wav,00000053.wav,normal,0
fan/id_00/abnormal/00000339.wav,00000339.wav,abnormal,1
fan/id_00/normal/00000327.wav,00000327.wav,normal,0
fan/id_00/normal/00000367.wav,00000367.wav,normal,0
fan/id_00/normal/00000994.wav,00000994.wav,normal,0
fan/id_00/normal/00000809.wav,00000809.wav,normal,0
fan/id_00/normal/00001005.wav,00001005.wav,normal,0
fan/id_00/normal/00000814.wav,00000814.wav,normal,0
fan/id_00/normal/00000237.wav,00000237.wav,normal,0
fan/id_00/normal/00000302.wav,00000302.wav,normal,0
fan/id_00/normal/00000301.wav,00000301.wav,normal,0
fan/id_00/abnormal/00000370.wav,00000370.wav,abnormal,1
fan/id_00/abnormal/00000053.wav,00000053.wav,abnormal,1
fan/id_00/abnormal/00000029.wav,00000029.wav,abnormal,1
fan/id_00/abnormal/00000069.wav,00000069.wav,abnormal,1
fan/id_00/normal/00000632.wav,00000632.wav,normal,0
fan/id_00/normal/00000462.wav,00000462.wav,normal,0
fan/id_00/normal/00000084.wav,00000084.wav,normal,0
fan/id_00/normal/00000383.wav,00000383.wav,normal,0
fan/id_00/normal/00000620.wav,00000620.wav,normal,0
fan/id_00/abnormal/00000246.wav,00000246.wav,abnormal,1
fan/id_00/normal/00000198.wav,00000198.wav,normal,0
fan/id_00/normal/00000373.wav,00000373.wav,normal,0
fan/id_00/normal/00000651.wav,00000651.wav,normal,0
fan/id_00/normal/00000154.wav,00000154.wav,normal,0
fan/id_00/normal/00000408.wav,00000408.wav,normal,0
fan/id_00/abnormal/00000368.wav,00000368.wav,abnormal,1
fan/id_00/normal/00000037.wav,00000037.wav,normal,0
fan/id_00/normal/00000984.wav,00000984.wav,normal,0
fan/id_00/normal/00000936.wav,00000936.wav,normal,0
fan/id_00/normal/00000531.wav,00000531.wav,normal,0
fan/id_00/abnormal/00000387.wav,00000387.wav,abnormal,1
fan/id_00/abnormal/00000257.wav,00000257.wav,abnormal,1
fan/id_00/normal/00000453.wav,00000453.wav,normal,0
fan/id_00/abnormal/00000241.wav,00000241.wav,abnormal,1
fan/id_00/normal/00000010.wav,00000010.wav,normal,0
fan/id_00/abnormal/00000282.wav,00000282.wav,abnormal,1
fan/id_00/abnormal/00000159.wav,00000159.wav,abnormal,1
fan/id_00/normal/00000905.wav,00000905.wav,normal,0
fan/id_00/normal/00000125.wav,00000125.wav,normal,0
fan/id_00/normal/00000890.wav,00000890.wav,normal,0
fan/id_00/normal/00000937.wav,00000937.wav,normal,0
fan/id_00/normal/00000790.wav,00000790.wav,normal,0
fan/id_00/normal/00000061.wav,00000061.wav,normal,0
fan/id_00/abnormal/00000209.wav,00000209.wav,abnormal,1
fan/id_00/abnormal/00000263.wav,00000263.wav,abnormal,1
fan/id_00/abnormal/00000192.wav,00000192.wav,abnormal,1
fan/id_00/abnormal/00000073.wav,00000073.wav,abnormal,1
fan/id_00/abnormal/00000239.wav,00000239.wav,abnormal,1
fan/id_00/abnormal/00000027.wav,00000027.wav,abnormal,1
fan/id_00/normal/00000516.wav,00000516.wav,normal,0
fan/id_00/normal/00000184.wav,00000184.wav,normal,0
fan/id_00/normal/00000514.wav,00000514.wav,normal,0
fan/id_00/abnormal/00000301.wav,00000301.wav,abnormal,1
fan/id_00/normal/00000731.wav,00000731.wav,normal,0
fan/id_00/normal/00000351.wav,00000351.wav,normal,0
fan/id_00/abnormal/00000394.wav,00000394.wav,abnormal,1
fan/id_00/abnormal/00000172.wav,00000172.wav,abnormal,1
fan/id_00/normal/00000066.wav,00000066.wav,normal,0
fan/id_00/normal/00000332.wav,00000332.wav,normal,0
fan/id_00/abnormal/00000196.wav,00000196.wav,abnormal,1
fan/id_00/normal/00000978.wav,00000978.wav,normal,0
fan/id_00/normal/00000109.wav,00000109.wav,normal,0
fan/id_00/abnormal/00000305.wav,00000305.wav,abnormal,1
fan/id_00/normal/00000359.wav,00000359.wav,normal,0
fan/id_00/abnormal/00000404.wav,00000404.wav,abnormal,1
fan/id_00/normal/00000185.wav,00000185.wav,normal,0
fan/id_00/normal/00000846.wav,00000846.wav,normal,0
fan/id_00/abnormal/00000171.wav,00000171.wav,abnormal,1
fan/id_00/normal/00000578.wav,00000578.wav,normal,0
fan/id_00/abnormal/00000154.wav,00000154.wav,abnormal,1
fan/id_00/normal/00000570.wav,00000570.wav,normal,0
fan/id_00/abnormal/00000067.wav,00000067.wav,abnormal,1
fan/id_00/normal/00000079.wav,00000079.wav,normal,0
fan/id_00/abnormal/00000406.wav,00000406.wav,abnormal,1
fan/id_00/normal/00000411.wav,00000411.wav,normal,0
fan/id_00/abnormal/00000324.wav,00000324.wav,abnormal,1
fan/id_00/normal/00000872.wav,00000872.wav,normal,0
fan/id_00/normal/00000202.wav,00000202.wav,normal,0
fan/id_00/normal/00000777.wav,00000777.wav,normal,0
fan/id_00/normal/00000404.wav,00000404.wav,normal,0
fan/id_00/normal/00000268.wav,00000268.wav,normal,0
fan/id_00/abnormal/00000050.wav,00000050.wav,abnormal,1
fan/id_00/normal/00000675.wav,00000675.wav,normal,0
fan/id_00/abnormal/00000265.wav,00000265.wav,abnormal,1
fan/id_00/normal/00000195.wav,00000195.wav,normal,0
fan/id_00/normal/00000089.wav,00000089.wav,normal,0
fan/id_00/normal/00000248.wav,00000248.wav,normal,0
fan/id_00/normal/00000442.wav,00000442.wav,normal,0
fan/id_00/normal/00000006.wav,00000006.wav,normal,0
fan/id_00/abnormal/00000276.wav,00000276.wav,abnormal,1
fan/id_00/normal/00000580.wav,00000580.wav,normal,0
fan/id_00/normal/00000362.wav,00000362.wav,normal,0
fan/id_00/abnormal/00000199.wav,00000199.wav,abnormal,1
fan/id_00/normal/00000967.wav,00000967.wav,normal,0
fan/id_00/normal/00000990.wav,00000990.wav,normal,0
fan/id_00/normal/00000153.wav,00000153.wav,normal,0
fan/id_00/normal/00000104.wav,00000104.wav,normal,0
fan/id_00/normal/00000538.wav,00000538.wav,normal,0
fan/id_00/normal/00000444.wav,00000444.wav,normal,0
fan/id_00/normal/00000923.wav,00000923.wav,normal,0
fan/id_00/normal/00000336.wav,00000336.wav,normal,0
fan/id_00/abnormal/00000055.wav,00000055.wav,abnormal,1
fan/id_00/abnormal/00000219.wav,00000219.wav,abnormal,1
fan/id_00/normal/00000692.wav,00000692.wav,normal,0
fan/id_00/normal/00000596.wav,00000596.wav,normal,0
fan/id_00/normal/00000640.wav,00000640.wav,normal,0
fan/id_00/normal/00000960.wav,00000960.wav,normal,0
fan/id_00/abnormal/00000238.wav,00000238.wav,abnormal,1
fan/id_00/normal/00000626.wav,00000626.wav,normal,0
fan/id_00/normal/00000331.wav,00000331.wav,normal,0
fan/id_00/normal/00000033.wav,00000033.wav,normal,0
fan/id_00/abnormal/00000297.wav,00000297.wav,abnormal,1
fan/id_00/normal/00000081.wav,00000081.wav,normal,0
fan/id_00/normal/00000921.wav,00000921.wav,normal,0
fan/id_00/normal/00000615.wav,00000615.wav,normal,0
fan/id_00/abnormal/00000398.wav,00000398.wav,abnormal,1
fan/id_00/normal/00000127.wav,00000127.wav,normal,0
fan/id_00/abnormal/00000281.wav,00000281.wav,abnormal,1
fan/id_00/normal/00000554.wav,00000554.wav,normal,0
fan/id_00/normal/00000810.wav,00000810.wav,normal,0
fan/id_00/normal/00000951.wav,00000951.wav,normal,0
fan/id_00/normal/00000787.wav,00000787.wav,normal,0
fan/id_00/abnormal/00000163.wav,00000163.wav,abnormal,1
fan/id_00/normal/00000341.wav,00000341.wav,normal,0
fan/id_00/normal/00000717.wav,00000717.wav,normal,0
fan/id_00/normal/00000919.wav,00000919.wav,normal,0
fan/id_00/normal/00000123.wav,00000123.wav,normal,0
fan/id_00/abnormal/00000353.wav,00000353.wav,abnormal,1
fan/id_00/normal/00000430.wav,00000430.wav,normal,0
fan/id_00/normal/00000688.wav,00000688.wav,normal,0
fan/id_00/normal/00000835.wav,00000835.wav,normal,0
fan/id_00/normal/00000948.wav,00000948.wav,normal,0
fan/id_00/abnormal/00000190.wav,00000190.wav,abnormal,1
fan/id_00/normal/00000613.wav,00000613.wav,normal,0
fan/id_00/normal/00000380.wav,00000380.wav,normal,0
fan/id_00/normal/00000281.wav,00000281.wav,normal,0
fan/id_00/normal/00000664.wav,00000664.wav,normal,0
fan/id_00/normal/00000687.wav,00000687.wav,normal,0
fan/id_00/abnormal/00000024.wav,00000024.wav,abnormal,1
fan/id_00/normal/00000764.wav,00000764.wav,normal,0
fan/id_00/normal/00000569.wav,00000569.wav,normal,0
fan/id_00/normal/00000505.wav,00000505.wav,normal,0
fan/id_00/normal/00000231.wav,00000231.wav,normal,0
fan/id_00/normal/00000370.wav,00000370.wav,normal,0
fan/id_00/normal/00000917.wav,00000917.wav,normal,0
fan/id_00/abnormal/00000146.wav,00000146.wav,abnormal,1
fan/id_00/abnormal/00000390.wav,00000390.wav,abnormal,1
fan/id_00/normal/00000258.wav,00000258.wav,normal,0
fan/id_00/normal/00000352.wav,00000352.wav,normal,0
fan/id_00/normal/00000741.wav,00000741.wav,normal,0
fan/id_00/normal/00000354.wav,00000354.wav,normal,0
fan/id_00/normal/00000959.wav,00000959.wav,normal,0
fan/id_00/normal/00000259.wav,00000259.wav,normal,0
fan/id_00/normal/00000975.wav,00000975.wav,normal,0
fan/id_00/abnormal/00000274.wav,00000274.wav,abnormal,1
fan/id_00/normal/00000283.wav,00000283.wav,normal,0
fan/id_00/normal/00000117.wav,00000117.wav,normal,0
fan/id_00/abnormal/00000202.wav,00000202.wav,abnormal,1
fan/id_00/normal/00000122.wav,00000122.wav,normal,0
fan/id_00/normal/00000044.wav,00000044.wav,normal,0
fan/id_00/abnormal/00000258.wav,00000258.wav,abnormal,1
fan/id_00/normal/00000003.wav,00000003.wav,normal,0
fan/id_00/abnormal/00000086.wav,00000086.wav,abnormal,1
fan/id_00/normal/00000197.wav,00000197.wav,normal,0
fan/id_00/abnormal/00000091.wav,00000091.wav,abnormal,1
fan/id_00/abnormal/00000153.wav,00000153.wav,abnormal,1
fan/id_00/normal/00000552.wav,00000552.wav,normal,0
fan/id_00/normal/00000939.wav,00000939.wav,normal,0
fan/id_00/normal/00000180.wav,00000180.wav,normal,0
fan/id_00/normal/00000784.wav,00000784.wav,normal,0
fan/id_00/abnormal/00000137.wav,00000137.wav,abnormal,1
fan/id_00/abnormal/00000403.wav,00000403.wav,abnormal,1
fan/id_00/normal/00000304.wav,00000304.wav,normal,0
fan/id_00/normal/00000253.wav,00000253.wav,normal,0
fan/id_00/abnormal/00000247.wav,00000247.wav,abnormal,1
fan/id_00/normal/00000793.wav,00000793.wav,normal,0
fan/id_00/normal/00000310.wav,00000310.wav,normal,0
fan/id_00/normal/00000507.wav,00000507.wav,normal,0
fan/id_00/abnormal/00000089.wav,00000089.wav,abnormal,1
fan/id_00/normal/00000868.wav,00000868.wav,normal,0
fan/id_00/abnormal/00000356.wav,00000356.wav,abnormal,1
fan/id_00/normal/00000693.wav,00000693.wav,normal,0
fan/id_00/normal/00000888.wav,00000888.wav,normal,0
fan/id_00/normal/00000903.wav,00000903.wav,normal,0
fan/id_00/abnormal/00000122.wav,00000122.wav,abnormal,1
fan/id_00/normal/00000272.wav,00000272.wav,normal,0
fan/id_00/normal/00000340.wav,00000340.wav,normal,0
fan/id_00/normal/00000928.wav,00000928.wav,normal,0
fan/id_00/normal/00000594.wav,00000594.wav,normal,0
fan/id_00/normal/00000465.wav,00000465.wav,normal,0
fan/id_00/normal/00000536.wav,00000536.wav,normal,0
fan/id_00/normal/00000744.wav,00000744.wav,normal,0
fan/id_00/normal/00000182.wav,00000182.wav,normal,0
fan/id_00/normal/00000236.wav,00000236.wav,normal,0
fan/id_00/normal/00000607.wav,00000607.wav,normal,0
fan/id_00/abnormal/00000280.wav,00000280.wav,abnormal,1
fan/id_00/abnormal/00000357.wav,00000357.wav,abnormal,1
fan/id_00/normal/00000165.wav,00000165.wav,normal,0
fan/id_00/abnormal/00000384.wav,00000384.wav,abnormal,1
fan/id_00/normal/00000616.wav,00000616.wav,normal,0
fan/id_00/normal/00000232.wav,00000232.wav,normal,0
fan/id_00/normal/00000321.wav,00000321.wav,normal,0
fan/id_00/normal/00000778.wav,00000778.wav,normal,0
fan/id_00/abnormal/00000323.wav,00000323.wav,abnormal,1
fan/id_00/normal/00000054.wav,00000054.wav,normal,0
fan/id_00/normal/00000448.wav,00000448.wav,normal,0
fan/id_00/abnormal/00000193.wav,00000193.wav,abnormal,1
fan/id_00/normal/00000210.wav,00000210.wav,normal,0
fan/id_00/normal/00000549.wav,00000549.wav,normal,0
fan/id_00/normal/00000796.wav,00000796.wav,normal,0
fan/id_00/abnormal/00000127.wav,00000127.wav,abnormal,1
fan/id_00/normal/00000285.wav,00000285.wav,normal,0
fan/id_00/abnormal/00000400.wav,00000400.wav,abnormal,1
fan/id_00/normal/00000528.wav,00000528.wav,normal,0
fan/id_00/normal/00000966.wav,00000966.wav,normal,0
fan/id_00/normal/00000595.wav,00000595.wav,normal,0
fan/id_00/normal/00000877.wav,00000877.wav,normal,0
fan/id_00/abnormal/00000373.wav,00000373.wav,abnormal,1
fan/id_00/normal/00000388.wav,00000388.wav,normal,0
fan/id_00/normal/00000571.wav,00000571.wav,normal,0
fan/id_00/normal/00000648.wav,00000648.wav,normal,0
fan/id_00/normal/00000627.wav,00000627.wav,normal,0
fan/id_00/normal/00000255.wav,00000255.wav,normal,0
fan/id_00/normal/00000913.wav,00000913.wav,normal,0
fan/id_00/abnormal/00000260.wav,00000260.wav,abnormal,1
fan/id_00/normal/00000970.wav,00000970.wav,normal,0
fan/id_00/normal/00000228.wav,00000228.wav,normal,0
fan/id_00/normal/00000419.wav,00000419.wav,normal,0
fan/id_00/abnormal/00000309.wav,00000309.wav,abnormal,1
fan/id_00/abnormal/00000201.wav,00000201.wav,abnormal,1
fan/id_00/normal/00000203.wav,00000203.wav,normal,0
fan/id_00/normal/00000488.wav,00000488.wav,normal,0
fan/id_00/normal/00000788.wav,00000788.wav,normal,0
fan/id_00/normal/00000368.wav,00000368.wav,normal,0
fan/id_00/abnormal/00000365.wav,00000365.wav,abnormal,1
fan/id_00/normal/00000009.wav,00000009.wav,normal,0
fan/id_00/normal/00000132.wav,00000132.wav,normal,0
fan/id_00/normal/00000579.wav,00000579.wav,normal,0
fan/id_00/normal/00000135.wav,00000135.wav,normal,0
fan/id_00/normal/00000355.wav,00000355.wav,normal,0
fan/id_00/abnormal/00000203.wav,00000203.wav,abnormal,1
fan/id_00/abnormal/00000085.wav,00000085.wav,abnormal,1
fan/id_00/normal/00000375.wav,00000375.wav,normal,0
fan/id_00/normal/00000800.wav,00000800.wav,normal,0
fan/id_00/normal/00000338.wav,00000338.wav,normal,0
fan/id_00/normal/00000386.wav,00000386.wav,normal,0
fan/id_00/abnormal/00000021.wav,00000021.wav,abnormal,1
fan/id_00/normal/00000082.wav,00000082.wav,normal,0
fan/id_00/normal/00000024.wav,00000024.wav,normal,0
fan/id_00/normal/00000933.wav,00000933.wav,normal,0
fan/id_00/normal/00000120.wav,00000120.wav,normal,0
fan/id_00/normal/00000924.wav,00000924.wav,normal,0
fan/id_00/abnormal/00000251.wav,00000251.wav,abnormal,1
fan/id_00/normal/00000094.wav,00000094.wav,normal,0
fan/id_00/abnormal/00000335.wav,00000335.wav,abnormal,1
fan/id_00/normal/00000357.wav,00000357.wav,normal,0
fan/id_00/normal/00000247.wav,00000247.wav,normal,0
fan/id_00/normal/00000746.wav,00000746.wav,normal,0
fan/id_00/normal/00000636.wav,00000636.wav,normal,0
fan/id_00/abnormal/00000322.wav,00000322.wav,abnormal,1
fan/id_00/normal/00000223.wav,00000223.wav,normal,0
fan/id_00/abnormal/00000039.wav,00000039.wav,abnormal,1
fan/id_00/normal/00000325.wav,00000325.wav,normal,0
fan/id_00/normal/00000992.wav,00000992.wav,normal,0
fan/id_00/normal/00000349.wav,00000349.wav,normal,0
fan/id_00/normal/00000449.wav,00000449.wav,normal,0
fan/id_00/normal/00000451.wav,00000451.wav,normal,0
fan/id_00/normal/00000945.wav,00000945.wav,normal,0
fan/id_00/normal/00000078.wav,00000078.wav,normal,0
fan/id_00/normal/00000599.wav,00000599.wav,normal,0
fan/id_00/normal/00000998.wav,00000998.wav,normal,0
fan/id_00/normal/00000511.wav,00000511.wav,normal,0
fan/id_00/normal/00000177.wav,00000177.wav,normal,0
fan/id_00/normal/00000100.wav,00000100.wav,normal,0
fan/id_00/normal/00000880.wav,00000880.wav,normal,0
fan/id_00/normal/00000199.wav,00000199.wav,normal,0
fan/id_00/normal/00000589.wav,00000589.wav,normal,0
fan/id_00/normal/00000172.wav,00000172.wav,normal,0
fan/id_00/normal/00000930.wav,00000930.wav,normal,0
fan/id_00/normal/00000576.wav,00000576.wav,normal,0
fan/id_00/abnormal/00000243.wav,00000243.wav,abnormal,1
fan/id_00/normal/00000859.wav,00000859.wav,normal,0
fan/id_00/normal/00000509.wav,00000509.wav,normal,0
fan/id_00/abnormal/00000234.wav,00000234.wav,abnormal,1
fan/id_00/normal/00000478.wav,00000478.wav,normal,0
fan/id_00/normal/00000964.wav,00000964.wav,normal,0
fan/id_00/abnormal/00000132.wav,00000132.wav,abnormal,1
fan/id_00/abnormal/00000402.wav,00000402.wav,abnormal,1
fan/id_00/normal/00000147.wav,00000147.wav,normal,0
fan/id_00/normal/00000526.wav,00000526.wav,normal,0
fan/id_00/normal/00000324.wav,00000324.wav,normal,0
fan/id_00/abnormal/00000084.wav,00000084.wav,abnormal,1
fan/id_00/normal/00000735.wav,00000735.wav,normal,0
fan/id_00/normal/00000947.wav,00000947.wav,normal,0
fan/id_00/abnormal/00000256.wav,00000256.wav,abnormal,1
fan/id_00/normal/00000469.wav,00000469.wav,normal,0
fan/id_00/normal/00000012.wav,00000012.wav,normal,0
fan/id_00/abnormal/00000158.wav,00000158.wav,abnormal,1
fan/id_00/normal/00000429.wav,00000429.wav,normal,0
fan/id_00/normal/00000518.wav,00000518.wav,normal,0
fan/id_00/abnormal/00000250.wav,00000250.wav,abnormal,1
fan/id_00/normal/00000235.wav,00000235.wav,normal,0
fan/id_00/normal/00000721.wav,00000721.wav,normal,0
fan/id_00/normal/00000660.wav,00000660.wav,normal,0
fan/id_00/normal/00000896.wav,00000896.wav,normal,0
fan/id_00/abnormal/00000321.wav,00000321.wav,abnormal,1
fan/id_00/normal/00000374.wav,00000374.wav,normal,0
fan/id_00/normal/00000076.wav,00000076.wav,normal,0
fan/id_00/normal/00000752.wav,00000752.wav,normal,0
fan/id_00/normal/00000755.wav,00000755.wav,normal,0
fan/id_00/normal/00000893.wav,00000893.wav,normal,0
fan/id_00/normal/00000107.wav,00000107.wav,normal,0
fan/id_00/abnormal/00000076.wav,00000076.wav,abnormal,1
fan/id_00/normal/00000709.wav,00000709.wav,normal,0
fan/id_00/normal/00000174.wav,00000174.wav,normal,0
fan/id_00/normal/00000892.wav,00000892.wav,normal,0
fan/id_00/normal/00000557.wav,00000557.wav,normal,0
fan/id_00/normal/00000005.wav,00000005.wav,normal,0
fan/id_00/normal/00000425.wav,00000425.wav,normal,0
fan/id_00/normal/00000907.wav,00000907.wav,normal,0
fan/id_00/normal/00000186.wav,00000186.wav,normal,0
fan/id_00/normal/00000743.wav,00000743.wav,normal,0
fan/id_00/normal/00000732.wav,00000732.wav,normal,0
fan/id_00/normal/00000045.wav,00000045.wav,normal,0
fan/id_00/abnormal/00000270.wav,00000270.wav,abnormal,1
fan/id_00/normal/00000749.wav,00000749.wav,normal,0
fan/id_00/normal/00000659.wav,00000659.wav,normal,0
fan/id_00/normal/00000662.wav,00000662.wav,normal,0
fan/id_00/normal/00000534.wav,00000534.wav,normal,0
fan/id_00/normal/00000931.wav,00000931.wav,normal,0
fan/id_00/normal/00000112.wav,00000112.wav,normal,0
fan/id_00/normal/00000031.wav,00000031.wav,normal,0
fan/id_00/abnormal/00000316.wav,00000316.wav,abnormal,1
fan/id_00/normal/00000224.wav,00000224.wav,normal,0
fan/id_00/normal/00000292.wav,00000292.wav,normal,0
fan/id_00/normal/00000193.wav,00000193.wav,normal,0
fan/id_00/normal/00000679.wav,00000679.wav,normal,0
fan/id_00/normal/00000050.wav,00000050.wav,normal,0
fan/id_00/normal/00000850.wav,00000850.wav,normal,0
fan/id_00/normal/00000513.wav,00000513.wav,normal,0
fan/id_00/normal/00000072.wav,00000072.wav,normal,0
fan/id_00/normal/00000371.wav,00000371.wav,normal,0
fan/id_00/normal/00000853.wav,00000853.wav,normal,0
fan/id_00/abnormal/00000273.wav,00000273.wav,abnormal,1
fan/id_00/normal/00000841.wav,00000841.wav,normal,0
fan/id_00/normal/00000029.wav,00000029.wav,normal,0
fan/id_00/normal/00000934.wav,00000934.wav,normal,0
fan/id_00/normal/00000196.wav,00000196.wav,normal,0
fan/id_00/abnormal/00000087.wav,00000087.wav,abnormal,1
fan/id_00/abnormal/00000161.wav,00000161.wav,abnormal,1
fan/id_00/normal/00000525.wav,00000525.wav,normal,0
fan/id_00/normal/00000870.wav,00000870.wav,normal,0
fan/id_00/normal/00000271.wav,00000271.wav,normal,0
fan/id_00/normal/00000952.wav,00000952.wav,normal,0
fan/id_00/normal/00000422.wav,00000422.wav,normal,0
fan/id_00/abnormal/00000220.wav,00000220.wav,abnormal,1
fan/id_00/normal/00000711.wav,00000711.wav,normal,0
fan/id_00/normal/00000173.wav,00000173.wav,normal,0
fan/id_00/normal/00000194.wav,00000194.wav,normal,0
fan/id_00/normal/00000774.wav,00000774.wav,normal,0
fan/id_00/abnormal/00000397.wav,00000397.wav,abnormal,1
fan/id_00/normal/00000801.wav,00000801.wav,normal,0
fan/id_00/abnormal/00000343.wav,00000343.wav,abnormal,1
fan/id_00/normal/00000333.wav,00000333.wav,normal,0
fan/id_00/normal/00000864.wav,00000864.wav,normal,0
fan/id_00/normal/00000734.wav,00000734.wav,normal,0
fan/id_00/normal/00000678.wav,00000678.wav,normal,0
fan/id_00/normal/00000883.wav,00000883.wav,normal,0
fan/id_00/normal/00000390.wav,00000390.wav,normal,0
fan/id_00/normal/00000175.wav,00000175.wav,normal,0
fan/id_00/abnormal/00000141.wav,00000141.wav,abnormal,1
fan/id_00/normal/00000410.wav,00000410.wav,normal,0
fan/id_00/normal/00000547.wav,00000547.wav,normal,0
fan/id_00/normal/00000656.wav,00000656.wav,normal,0
fan/id_00/abnormal/00000112.wav,00000112.wav,abnormal,1
fan/id_00/abnormal/00000011.wav,00000011.wav,abnormal,1
fan/id_00/abnormal/00000392.wav,00000392.wav,abnormal,1
fan/id_00/normal/00000575.wav,00000575.wav,normal,0
fan/id_00/normal/00000179.wav,00000179.wav,normal,0
fan/id_00/abnormal/00000140.wav,00000140.wav,abnormal,1
fan/id_00/abnormal/00000382.wav,00000382.wav,abnormal,1
fan/id_00/normal/00000067.wav,00000067.wav,normal,0
fan/id_00/abnormal/00000214.wav,00000214.wav,abnormal,1
fan/id_00/normal/00000920.wav,00000920.wav,normal,0
fan/id_00/abnormal/00000267.wav,00000267.wav,abnormal,1
fan/id_00/normal/00000713.wav,00000713.wav,normal,0
fan/id_00/normal/00000551.wav,00000551.wav,normal,0
fan/id_00/normal/00000753.wav,00000753.wav,normal,0
fan/id_00/normal/00000275.wav,00000275.wav,normal,0
fan/id_00/normal/00000874.wav,00000874.wav,normal,0
fan/id_00/normal/00000181.wav,00000181.wav,normal,0
fan/id_00/abnormal/00000018.wav,00000018.wav,abnormal,1
fan/id_00/abnormal/00000284.wav,00000284.wav,abnormal,1
fan/id_00/normal/00000395.wav,00000395.wav,normal,0
fan/id_00/normal/00000849.wav,00000849.wav,normal,0
fan/id_00/normal/00000363.wav,00000363.wav,normal,0
fan/id_00/abnormal/00000005.wav,00000005.wav,abnormal,1
fan/id_00/normal/00000789.wav,00000789.wav,normal,0
fan/id_00/normal/00000929.wav,00000929.wav,normal,0
fan/id_00/normal/00000114.wav,00000114.wav,normal,0
fan/id_00/normal/00000143.wav,00000143.wav,normal,0
fan/id_00/abnormal/00000071.wav,00000071.wav,abnormal,1
fan/id_00/normal/00000447.wav,00000447.wav,normal,0
fan/id_00/normal/00000869.wav,00000869.wav,normal,0
fan/id_00/abnormal/00000349.wav,00000349.wav,abnormal,1
fan/id_00/normal/00000282.wav,00000282.wav,normal,0
fan/id_00/normal/00000523.wav,00000523.wav,normal,0
fan/id_00/normal/00000961.wav,00000961.wav,normal,0
fan/id_00/normal/00000267.wav,00000267.wav,normal,0
fan/id_00/normal/00000065.wav,00000065.wav,normal,0
fan/id_00/normal/00000813.wav,00000813.wav,normal,0
fan/id_00/normal/00000676.wav,00000676.wav,normal,0
fan/id_00/abnormal/00000378.wav,00000378.wav,abnormal,1
fan/id_00/normal/00000691.wav,00000691.wav,normal,0
fan/id_00/normal/00000075.wav,00000075.wav,normal,0
fan/id_00/normal/00000346.wav,00000346.wav,normal,0
fan/id_00/abnormal/00000121.wav,00000121.wav,abnormal,1
fan/id_00/normal/00000000.wav,00000000.wav,normal,0
fan/id_00/normal/00000344.wav,00000344.wav,normal,0
fan/id_00/normal/00000816.wav,00000816.wav,normal,0
fan/id_00/abnormal/00000369.wav,00000369.wav,abnormal,1
fan/id_00/abnormal/00000184.wav,00000184.wav,abnormal,1
fan/id_00/abnormal/00000225.wav,00000225.wav,abnormal,1
fan/id_00/abnormal/00000056.wav,00000056.wav,abnormal,1
fan/id_00/normal/00000436.wav,00000436.wav,normal,0
fan/id_00/normal/00000364.wav,00000364.wav,normal,0
fan/id_00/normal/00000667.wav,00000667.wav,normal,0
fan/id_00/normal/00000329.wav,00000329.wav,normal,0
fan/id_00/normal/00000922.wav,00000922.wav,normal,0
fan/id_00/normal/00000720.wav,00000720.wav,normal,0
fan/id_00/abnormal/00000216.wav,00000216.wav,abnormal,1
fan/id_00/abnormal/00000358.wav,00000358.wav,abnormal,1
fan/id_00/normal/00000695.wav,00000695.wav,normal,0
fan/id_00/abnormal/00000240.wav,00000240.wav,abnormal,1
fan/id_00/abnormal/00000054.wav,00000054.wav,abnormal,1
fan/id_00/normal/00000530.wav,00000530.wav,normal,0
fan/id_00/normal/00000586.wav,00000586.wav,normal,0
fan/id_00/normal/00000981.wav,00000981.wav,normal,0
fan/id_00/normal/00000155.wav,00000155.wav,normal,0
fan/id_00/normal/00000059.wav,00000059.wav,normal,0
fan/id_00/abnormal/00000248.wav,00000248.wav,abnormal,1
fan/id_00/normal/00000119.wav,00000119.wav,normal,0
fan/id_00/abnormal/00000205.wav,00000205.wav,abnormal,1
fan/id_00/abnormal/00000052.wav,00000052.wav,abnormal,1
fan/id_00/normal/00000347.wav,00000347.wav,normal,0
fan/id_00/abnormal/00000010.wav,00000010.wav,abnormal,1
fan/id_00/abnormal/00000245.wav,00000245.wav,abnormal,1
fan/id_00/abnormal/00000028.wav,00000028.wav,abnormal,1
fan/id_00/normal/00000598.wav,00000598.wav,normal,0
fan/id_00/abnormal/00000104.wav,00000104.wav,abnormal,1
fan/id_00/normal/00000605.wav,00000605.wav,normal,0
fan/id_00/abnormal/00000213.wav,00000213.wav,abnormal,1
fan/id_00/normal/00000543.wav,00000543.wav,normal,0
fan/id_00/normal/00000110.wav,00000110.wav,normal,0
fan/id_00/abnormal/00000296.wav,00000296.wav,abnormal,1
fan/id_00/normal/00000126.wav,00000126.wav,normal,0
fan/id_00/normal/00000015.wav,00000015.wav,normal,0
fan/id_00/normal/00000069.wav,00000069.wav,normal,0
fan/id_00/normal/00000773.wav,00000773.wav,normal,0
fan/id_00/normal/00000450.wav,00000450.wav,normal,0
fan/id_00/normal/00000714.wav,00000714.wav,normal,0
fan/id_00/normal/00000532.wav,00000532.wav,normal,0
fan/id_00/normal/00000995.wav,00000995.wav,normal,0
fan/id_00/abnormal/00000326.wav,00000326.wav,abnormal,1
fan/id_00/normal/00000916.wav,00000916.wav,normal,0
fan/id_00/normal/00000832.wav,00000832.wav,normal,0
fan/id_00/normal/00000722.wav,00000722.wav,normal,0
fan/id_00/normal/00000865.wav,00000865.wav,normal,0
fan/id_00/normal/00000974.wav,00000974.wav,normal,0
fan/id_00/normal/00000342.wav,00000342.wav,normal,0
fan/id_00/normal/00000723.wav,00000723.wav,normal,0
fan/id_00/abnormal/00000181.wav,00000181.wav,abnormal,1
fan/id_00/normal/00000631.wav,00000631.wav,normal,0
fan/id_00/normal/00000799.wav,00000799.wav,normal,0
fan/id_00/abnormal/00000060.wav,00000060.wav,abnormal,1
fan/id_00/normal/00000382.wav,00000382.wav,normal,0
fan/id_00/abnormal/00000079.wav,00000079.wav,abnormal,1
fan/id_00/normal/00000420.wav,00000420.wav,normal,0
fan/id_00/normal/00000829.wav,00000829.wav,normal,0
fan/id_00/normal/00000353.wav,00000353.wav,normal,0
fan/id_00/abnormal/00000350.wav,00000350.wav,abnormal,1
fan/id_00/normal/00000293.wav,00000293.wav,normal,0
fan/id_00/normal/00000038.wav,00000038.wav,normal,0
fan/id_00/normal/00000396.wav,00000396.wav,normal,0
fan/id_00/abnormal/00000188.wav,00000188.wav,abnormal,1
fan/id_00/abnormal/00000019.wav,00000019.wav,abnormal,1
fan/id_00/normal/00000493.wav,00000493.wav,normal,0
fan/id_00/abnormal/00000108.wav,00000108.wav,abnormal,1
fan/id_00/normal/00000759.wav,00000759.wav,normal,0
fan/id_00/normal/00000985.wav,00000985.wav,normal,0
fan/id_00/normal/00000152.wav,00000152.wav,normal,0
fan/id_00/normal/00000312.wav,00000312.wav,normal,0
fan/id_00/normal/00000630.wav,00000630.wav,normal,0
fan/id_00/normal/00000703.wav,00000703.wav,normal,0
fan/id_00/normal/00000101.wav,00000101.wav,normal,0
fan/id_00/normal/00000517.wav,00000517.wav,normal,0
fan/id_00/normal/00000802.wav,00000802.wav,normal,0
fan/id_00/normal/00000918.wav,00000918.wav,normal,0
fan/id_00/normal/00000854.wav,00000854.wav,normal,0
fan/id_00/normal/00000879.wav,00000879.wav,normal,0
fan/id_00/normal/00000950.wav,00000950.wav,normal,0
fan/id_00/normal/00000116.wav,00000116.wav,normal,0
fan/id_00/abnormal/00000170.wav,00000170.wav,abnormal,1
fan/id_00/abnormal/00000003.wav,00000003.wav,abnormal,1
fan/id_00/normal/00000405.wav,00000405.wav,normal,0
fan/id_00/normal/00000694.wav,00000694.wav,normal,0
fan/id_00/normal/00000590.wav,00000590.wav,normal,0
fan/id_00/normal/00000136.wav,00000136.wav,normal,0
fan/id_00/normal/00000381.wav,00000381.wav,normal,0
fan/id_00/normal/00000977.wav,00000977.wav,normal,0
fan/id_00/normal/00000943.wav,00000943.wav,normal,0
fan/id_00/normal/00000988.wav,00000988.wav,normal,0
fan/id_00/normal/00000118.wav,00000118.wav,normal,0
fan/id_00/abnormal/00000058.wav,00000058.wav,abnormal,1
fan/id_00/abnormal/00000173.wav,00000173.wav,abnormal,1
fan/id_00/normal/00000300.wav,00000300.wav,normal,0
fan/id_00/normal/00000851.wav,00000851.wav,normal,0
fan/id_00/abnormal/00000292.wav,00000292.wav,abnormal,1
fan/id_00/normal/00000070.wav,00000070.wav,normal,0
fan/id_00/normal/00000496.wav,00000496.wav,normal,0
fan/id_00/normal/00000239.wav,00000239.wav,normal,0
fan/id_00/abnormal/00000015.wav,00000015.wav,abnormal,1
fan/id_00/normal/00000403.wav,00000403.wav,normal,0
fan/id_00/abnormal/00000106.wav,00000106.wav,abnormal,1
fan/id_00/normal/00000522.wav,00000522.wav,normal,0
fan/id_00/normal/00000670.wav,00000670.wav,normal,0
fan/id_00/abnormal/00000102.wav,00000102.wav,abnormal,1
fan/id_00/normal/00000002.wav,00000002.wav,normal,0
fan/id_00/abnormal/00000396.wav,00000396.wav,abnormal,1
fan/id_00/normal/00000696.wav,00000696.wav,normal,0
fan/id_00/normal/00000527.wav,00000527.wav,normal,0
fan/id_00/normal/00001009.wav,00001009.wav,normal,0
fan/id_00/abnormal/00000002.wav,00000002.wav,abnormal,1
fan/id_00/abnormal/00000176.wav,00000176.wav,abnormal,1
fan/id_00/normal/00000807.wav,00000807.wav,normal,0
fan/id_00/normal/00000416.wav,00000416.wav,normal,0
fan/id_00/abnormal/00000042.wav,00000042.wav,abnormal,1
fan/id_00/abnormal/00000255.wav,00000255.wav,abnormal,1
fan/id_00/normal/00000178.wav,00000178.wav,normal,0
fan/id_00/abnormal/00000101.wav,00000101.wav,abnormal,1
fan/id_00/abnormal/00000149.wav,00000149.wav,abnormal,1
fan/id_00/abnormal/00000151.wav,00000151.wav,abnormal,1
fan/id_00/normal/00000644.wav,00000644.wav,normal,0
fan/id_00/normal/00000279.wav,00000279.wav,normal,0
fan/id_00/normal/00000133.wav,00000133.wav,normal,0
fan/id_00/normal/00000356.wav,00000356.wav,normal,0
fan/id_00/normal/00000824.wav,00000824.wav,normal,0
fan/id_00/normal/00000837.wav,00000837.wav,normal,0
fan/id_00/normal/00000092.wav,00000092.wav,normal,0
fan/id_00/normal/00000063.wav,00000063.wav,normal,0
fan/id_00/abnormal/00000174.wav,00000174.wav,abnormal,1
fan/id_00/abnormal/00000047.wav,00000047.wav,abnormal,1
fan/id_00/normal/00000512.wav,00000512.wav,normal,0
fan/id_00/normal/00000431.wav,00000431.wav,normal,0
fan/id_00/normal/00000582.wav,00000582.wav,normal,0
fan/id_00/normal/00000361.wav,00000361.wav,normal,0
fan/id_00/normal/00000515.wav,00000515.wav,normal,0
fan/id_00/normal/00000328.wav,00000328.wav,normal,0
fan/id_00/normal/00000603.wav,00000603.wav,normal,0
fan/id_00/normal/00000028.wav,00000028.wav,normal,0
fan/id_00/abnormal/00000347.wav,00000347.wav,abnormal,1
fan/id_00/normal/00000655.wav,00000655.wav,normal,0
fan/id_00/abnormal/00000218.wav,00000218.wav,abnormal,1
fan/id_00/normal/00000124.wav,00000124.wav,normal,0
fan/id_00/normal/00000971.wav,00000971.wav,normal,0
fan/id_00/abnormal/00000048.wav,00000048.wav,abnormal,1
fan/id_00/abnormal/00000135.wav,00000135.wav,abnormal,1
fan/id_00/normal/00000542.wav,00000542.wav,normal,0
fan/id_00/abnormal/00000017.wav,00000017.wav,abnormal,1
fan/id_00/normal/00000017.wav,00000017.wav,normal,0
fan/id_00/normal/00000855.wav,00000855.wav,normal,0
fan/id_00/normal/00000650.wav,00000650.wav,normal,0
fan/id_00/normal/00000842.wav,00000842.wav,normal,0
fan/id_00/abnormal/00000114.wav,00000114.wav,abnormal,1
fan/id_00/abnormal/00000388.wav,00000388.wav,abnormal,1
fan/id_00/abnormal/00000233.wav,00000233.wav,abnormal,1
fan/id_00/normal/00000568.wav,00000568.wav,normal,0
fan/id_00/normal/00000468.wav,00000468.wav,normal,0
fan/id_00/normal/00000486.wav,00000486.wav,normal,0
fan/id_00/abnormal/00000222.wav,00000222.wav,abnormal,1
fan/id_00/abnormal/00000179.wav,00000179.wav,abnormal,1
fan/id_00/normal/00000649.wav,00000649.wav,normal,0
fan/id_00/normal/00000559.wav,00000559.wav,normal,0
fan/id_00/normal/00000622.wav,00000622.wav,normal,0
fan/id_00/normal/00000911.wav,00000911.wav,normal,0
fan/id_00/normal/00000225.wav,00000225.wav,normal,0
fan/id_00/normal/00000023.wav,00000023.wav,normal,0
fan/id_00/normal/00000583.wav,00000583.wav,normal,0
fan/id_00/normal/00000912.wav,00000912.wav,normal,0
fan/id_00/normal/00000487.wav,00000487.wav,normal,0
fan/id_00/normal/00000980.wav,00000980.wav,normal,0
fan/id_00/abnormal/00000329.wav,00000329.wav,abnormal,1
fan/id_00/normal/00000712.wav,00000712.wav,normal,0
fan/id_00/normal/00000294.wav,00000294.wav,normal,0
fan/id_00/abnormal/00000162.wav,00000162.wav,abnormal,1
fan/id_00/normal/00000171.wav,00000171.wav,normal,0
fan/id_00/abnormal/00000072.wav,00000072.wav,abnormal,1
fan/id_00/normal/00001010.wav,00001010.wav,normal,0
fan/id_00/abnormal/00000035.wav,00000035.wav,abnormal,1
fan/id_00/abnormal/00000105.wav,00000105.wav,abnormal,1
fan/id_00/normal/00000666.wav,00000666.wav,normal,0
fan/id_00/normal/00000641.wav,00000641.wav,normal,0
fan/id_00/abnormal/00000325.wav,00000325.wav,abnormal,1
fan/id_00/normal/00000645.wav,00000645.wav,normal,0
fan/id_00/normal/00000519.wav,00000519.wav,normal,0
fan/id_00/normal/00000490.wav,00000490.wav,normal,0
fan/id_00/normal/00000249.wav,00000249.wav,normal,0
fan/id_00/normal/00000168.wav,00000168.wav,normal,0
fan/id_00/normal/00000257.wav,00000257.wav,normal,0
fan/id_00/normal/00000625.wav,00000625.wav,normal,0
fan/id_00/abnormal/00000194.wav,00000194.wav,abnormal,1
fan/id_00/normal/00000572.wav,00000572.wav,normal,0
fan/id_00/normal/00000220.wav,00000220.wav,normal,0
fan/id_00/normal/00000914.wav,00000914.wav,normal,0
fan/id_00/abnormal/00000145.wav,00000145.wav,abnormal,1
fan/id_00/abnormal/00000078.wav,00000078.wav,abnormal,1
fan/id_00/abnormal/00000099.wav,00000099.wav,abnormal,1
fan/id_00/normal/00000073.wav,00000073.wav,normal,0
fan/id_00/abnormal/00000182.wav,00000182.wav,abnormal,1
fan/id_00/normal/00000745.wav,00000745.wav,normal,0
fan/id_00/normal/00000414.wav,00000414.wav,normal,0
fan/id_00/abnormal/00000345.wav,00000345.wav,abnormal,1
fan/id_00/abnormal/00000231.wav,00000231.wav,abnormal,1
fan/id_00/abnormal/00000232.wav,00000232.wav,abnormal,1
fan/id_00/normal/00000783.wav,00000783.wav,normal,0
fan/id_00/normal/00000164.wav,00000164.wav,normal,0
fan/id_00/normal/00000129.wav,00000129.wav,normal,0
fan/id_00/normal/00000882.wav,00000882.wav,normal,0
fan/id_00/abnormal/00000040.wav,00000040.wav,abnormal,1
fan/id_00/normal/00000291.wav,00000291.wav,normal,0
fan/id_00/normal/00000423.wav,00000423.wav,normal,0
fan/id_00/normal/00000323.wav,00000323.wav,normal,0
fan/id_00/abnormal/00000157.wav,00000157.wav,abnormal,1
fan/id_00/normal/00000588.wav,00000588.wav,normal,0
fan/id_00/normal/00000635.wav,00000635.wav,normal,0
fan/id_00/normal/00000601.wav,00000601.wav,normal,0
fan/id_00/normal/00000365.wav,00000365.wav,normal,0
fan/id_00/normal/00000277.wav,00000277.wav,normal,0
fan/id_00/normal/00000876.wav,00000876.wav,normal,0
fan/id_00/abnormal/00000289.wav,00000289.wav,abnormal,1
fan/id_00/normal/00000256.wav,00000256.wav,normal,0
fan/id_00/normal/00000909.wav,00000909.wav,normal,0
fan/id_00/normal/00000972.wav,00000972.wav,normal,0
fan/id_00/normal/00000215.wav,00000215.wav,normal,0
fan/id_00/normal/00000162.wav,00000162.wav,normal,0
fan/id_00/normal/00000086.wav,00000086.wav,normal,0
fan/id_00/abnormal/00000334.wav,00000334.wav,abnormal,1
fan/id_00/normal/00000439.wav,00000439.wav,normal,0
fan/id_00/normal/00000633.wav,00000633.wav,normal,0
fan/id_00/abnormal/00000063.wav,00000063.wav,abnormal,1
fan/id_00/normal/00000710.wav,00000710.wav,normal,0
fan/id_00/normal/00000226.wav,00000226.wav,normal,0
fan/id_00/normal/00000873.wav,00000873.wav,normal,0
fan/id_00/abnormal/00000001.wav,00000001.wav,abnormal,1
fan/id_00/normal/00000314.wav,00000314.wav,normal,0
fan/id_00/normal/00000756.wav,00000756.wav,normal,0
fan/id_00/normal/00000817.wav,00000817.wav,normal,0
fan/id_00/abnormal/00000007.wav,00000007.wav,abnormal,1
fan/id_00/abnormal/00000008.wav,00000008.wav,abnormal,1
fan/id_00/abnormal/00000299.wav,00000299.wav,abnormal,1
fan/id_00/normal/00000320.wav,00000320.wav,normal,0
fan/id_00/abnormal/00000374.wav,00000374.wav,abnormal,1
fan/id_00/normal/00000558.wav,00000558.wav,normal,0
fan/id_00/normal/00000440.wav,00000440.wav,normal,0
fan/id_00/normal/00000008.wav,00000008.wav,normal,0
fan/id_00/normal/00000141.wav,00000141.wav,normal,0
fan/id_00/normal/00000506.wav,00000506.wav,normal,0
fan/id_00/normal/00000533.wav,00000533.wav,normal,0
fan/id_00/normal/00000811.wav,00000811.wav,normal,0
fan/id_00/normal/00000969.wav,00000969.wav,normal,0
fan/id_00/abnormal/00000095.wav,00000095.wav,abnormal,1
fan/id_00/abnormal/00000155.wav,00000155.wav,abnormal,1
fan/id_00/normal/00000848.wav,00000848.wav,normal,0
fan/id_00/normal/00000895.wav,00000895.wav,normal,0
fan/id_00/normal/00000751.wav,00000751.wav,normal,0
fan/id_00/normal/00000167.wav,00000167.wav,normal,0
fan/id_00/normal/00000587.wav,00000587.wav,normal,0
fan/id_00/normal/00000544.wav,00000544.wav,normal,0
fan/id_00/normal/00000653.wav,00000653.wav,normal,0
fan/id_00/normal/00000761.wav,00000761.wav,normal,0
fan/id_00/normal/00000218.wav,00000218.wav,normal,0
fan/id_00/normal/00000348.wav,00000348.wav,normal,0
fan/id_00/normal/00000728.wav,00000728.wav,normal,0
fan/id_00/normal/00000657.wav,00000657.wav,normal,0
fan/id_00/abnormal/00000130.wav,00000130.wav,abnormal,1
fan/id_00/normal/00000797.wav,00000797.wav,normal,0
fan/id_00/normal/00000593.wav,00000593.wav,normal,0
fan/id_00/normal/00000238.wav,00000238.wav,normal,0
fan/id_00/normal/00000902.wav,00000902.wav,normal,0
fan/id_00/normal/00000426.wav,00000426.wav,normal,0
fan/id_00/normal/00000910.wav,00000910.wav,normal,0
fan/id_00/normal/00000758.wav,00000758.wav,normal,0
fan/id_00/abnormal/00000312.wav,00000312.wav,abnormal,1
fan/id_00/normal/00000415.wav,00000415.wav,normal,0
fan/id_00/normal/00000548.wav,00000548.wav,normal,0
fan/id_00/normal/00000305.wav,00000305.wav,normal,0
fan/id_00/abnormal/00000031.wav,00000031.wav,abnormal,1
fan/id_00/normal/00000318.wav,00000318.wav,normal,0
fan/id_00/normal/00000400.wav,00000400.wav,normal,0
fan/id_00/normal/00000611.wav,00000611.wav,normal,0
fan/id_00/abnormal/00000346.wav,00000346.wav,abnormal,1
fan/id_00/normal/00001004.wav,00001004.wav,normal,0
fan/id_00/normal/00000140.wav,00000140.wav,normal,0
fan/id_00/normal/00000765.wav,00000765.wav,normal,0
fan/id_00/abnormal/00000098.wav,00000098.wav,abnormal,1
fan/id_00/abnormal/00000175.wav,00000175.wav,abnormal,1
fan/id_00/abnormal/00000160.wav,00000160.wav,abnormal,1
fan/id_00/normal/00000638.wav,00000638.wav,normal,0
fan/id_00/normal/00000369.wav,00000369.wav,normal,0
fan/id_00/normal/00000954.wav,00000954.wav,normal,0
fan/id_00/normal/00000806.wav,00000806.wav,normal,0
fan/id_00/normal/00000798.wav,00000798.wav,normal,0
fan/id_00/normal/00000949.wav,00000949.wav,normal,0
fan/id_00/normal/00000786.wav,00000786.wav,normal,0
fan/id_00/normal/00000730.wav,00000730.wav,normal,0
fan/id_00/normal/00000826.wav,00000826.wav,normal,0
fan/id_00/abnormal/00000168.wav,00000168.wav,abnormal,1
fan/id_00/normal/00000030.wav,00000030.wav,normal,0
fan/id_00/normal/00000142.wav,00000142.wav,normal,0
fan/id_00/abnormal/00000379.wav,00000379.wav,abnormal,1
fan/id_00/normal/00000785.wav,00000785.wav,normal,0
fan/id_00/normal/00000043.wav,00000043.wav,normal,0
fan/id_00/abnormal/00000082.wav,00000082.wav,abnormal,1
fan/id_00/normal/00000358.wav,00000358.wav,normal,0
fan/id_00/abnormal/00000208.wav,00000208.wav,abnormal,1
fan/id_00/normal/00000376.wav,00000376.wav,normal,0
fan/id_00/normal/00000384.wav,00000384.wav,normal,0
fan/id_00/normal/00000602.wav,00000602.wav,normal,0
fan/id_00/normal/00000477.wav,00000477.wav,normal,0
fan/id_00/normal/00000673.wav,00000673.wav,normal,0
fan/id_00/abnormal/00000070.wav,00000070.wav,abnormal,1
fan/id_00/normal/00000927.wav,00000927.wav,normal,0
fan/id_00/normal/00000665.wav,00000665.wav,normal,0
fan/id_00/normal/00000145.wav,00000145.wav,normal,0
fan/id_00/normal/00000176.wav,00000176.wav,normal,0
fan/id_00/normal/00000863.wav,00000863.wav,normal,0
fan/id_00/normal/00000671.wav,00000671.wav,normal,0
fan/id_00/abnormal/00000367.wav,00000367.wav,abnormal,1
fan/id_00/normal/00000007.wav,00000007.wav,normal,0
fan/id_00/normal/00000926.wav,00000926.wav,normal,0
fan/id_00/normal/00000287.wav,00000287.wav,normal,0
fan/id_00/normal/00000278.wav,00000278.wav,normal,0
fan/id_00/abnormal/00000377.wav,00000377.wav,abnormal,1
fan/id_00/normal/00000825.wav,00000825.wav,normal,0
fan/id_00/normal/00000150.wav,00000150.wav,normal,0
fan/id_00/normal/00000284.wav,00000284.wav,normal,0
fan/id_00/abnormal/00000051.wav,00000051.wav,abnormal,1
fan/id_00/abnormal/00000139.wav,00000139.wav,abnormal,1
fan/id_00/normal/00000621.wav,00000621.wav,normal,0
fan/id_00/abnormal/00000211.wav,00000211.wav,abnormal,1
fan/id_00/normal/00000139.wav,00000139.wav,normal,0
fan/id_00/normal/00000639.wav,00000639.wav,normal,0
fan/id_00/normal/00000901.wav,00000901.wav,normal,0
fan/id_00/normal/00000780.wav,00000780.wav,normal,0
fan/id_00/normal/00000472.wav,00000472.wav,normal,0
fan/id_00/normal/00000424.wav,00000424.wav,normal,0
fan/id_00/abnormal/00000286.wav,00000286.wav,abnormal,1
fan/id_00/abnormal/00000293.wav,00000293.wav,abnormal,1
fan/id_00/normal/00000041.wav,00000041.wav,normal,0
fan/id_00/normal/00000088.wav,00000088.wav,normal,0
fan/id_00/normal/00000335.wav,00000335.wav,normal,0
fan/id_00/abnormal/00000340.wav,00000340.wav,abnormal,1
fan/id_00/abnormal/00000313.wav,00000313.wav,abnormal,1
fan/id_00/normal/00000737.wav,00000737.wav,normal,0
fan/id_00/normal/00000999.wav,00000999.wav,normal,0
fan/id_00/normal/00000629.wav,00000629.wav,normal,0
fan/id_00/normal/00000263.wav,00000263.wav,normal,0
fan/id_00/normal/00000393.wav,00000393.wav,normal,0
fan/id_00/normal/00000039.wav,00000039.wav,normal,0
fan/id_00/normal/00000437.wav,00000437.wav,normal,0
fan/id_00/normal/00000096.wav,00000096.wav,normal,0
fan/id_00/abnormal/00000148.wav,00000148.wav,abnormal,1
fan/id_00/abnormal/00000389.wav,00000389.wav,abnormal,1
fan/id_00/normal/00000163.wav,00000163.wav,normal,0
fan/id_00/normal/00000781.wav,00000781.wav,normal,0
fan/id_00/normal/00000049.wav,00000049.wav,normal,0
fan/id_00/normal/00000983.wav,00000983.wav,normal,0
fan/id_00/normal/00000421.wav,00000421.wav,normal,0
fan/id_00/normal/00000146.wav,00000146.wav,normal,0
fan/id_00/normal/00000482.wav,00000482.wav,normal,0
fan/id_00/normal/00000207.wav,00000207.wav,normal,0
fan/id_00/normal/00000610.wav,00000610.wav,normal,0
fan/id_00/normal/00000266.wav,00000266.wav,normal,0
fan/id_00/normal/00000445.wav,00000445.wav,normal,0
fan/id_00/normal/00000958.wav,00000958.wav,normal,0
fan/id_00/abnormal/00000363.wav,00000363.wav,abnormal,1
fan/id_00/normal/00000417.wav,00000417.wav,normal,0
fan/id_00/normal/00000708.wav,00000708.wav,normal,0
fan/id_00/abnormal/00000198.wav,00000198.wav,abnormal,1
fan/id_00/abnormal/00000183.wav,00000183.wav,abnormal,1
fan/id_00/abnormal/00000057.wav,00000057.wav,abnormal,1
fan/id_00/abnormal/00000226.wav,00000226.wav,abnormal,1
fan/id_00/normal/00000757.wav,00000757.wav,normal,0
fan/id_00/normal/00000609.wav,00000609.wav,normal,0
fan/id_00/abnormal/00000336.wav,00000336.wav,abnormal,1
fan/id_00/normal/00000192.wav,00000192.wav,normal,0
fan/id_00/normal/00000942.wav,00000942.wav,normal,0
fan/id_00/abnormal/00000206.wav,00000206.wav,abnormal,1
fan/id_00/normal/00000254.wav,00000254.wav,normal,0
fan/id_00/normal/00000250.wav,00000250.wav,normal,0
fan/id_00/abnormal/00000337.wav,00000337.wav,abnormal,1
fan/id_00/normal/00000221.wav,00000221.wav,normal,0
fan/id_00/abnormal/00000310.wav,00000310.wav,abnormal,1
fan/id_00/normal/00000682.wav,00000682.wav,normal,0
fan/id_00/normal/00000935.wav,00000935.wav,normal,0
fan/id_00/abnormal/00000049.wav,00000049.wav,abnormal,1
fan/id_00/abnormal/00000097.wav,00000097.wav,abnormal,1
fan/id_00/abnormal/00000200.wav,00000200.wav,abnormal,1
fan/id_00/normal/00000399.wav,00000399.wav,normal,0
fan/id_00/normal/00000634.wav,00000634.wav,normal,0
fan/id_00/abnormal/00000399.wav,00000399.wav,abnormal,1
fan/id_00/normal/00000074.wav,00000074.wav,normal,0
fan/id_00/normal/00000148.wav,00000148.wav,normal,0
fan/id_00/normal/00000103.wav,00000103.wav,normal,0
fan/id_00/normal/00000428.wav,00000428.wav,normal,0
fan/id_00/abnormal/00000300.wav,00000300.wav,abnormal,1
fan/id_00/normal/00000706.wav,00000706.wav,normal,0
fan/id_00/abnormal/00000204.wav,00000204.wav,abnormal,1
fan/id_00/abnormal/00000006.wav,00000006.wav,abnormal,1
fan/id_00/normal/00000260.wav,00000260.wav,normal,0
fan/id_00/normal/00000131.wav,00000131.wav,normal,0
fan/id_00/normal/00000643.wav,00000643.wav,normal,0
fan/id_00/normal/00000541.wav,00000541.wav,normal,0
fan/id_00/normal/00000697.wav,00000697.wav,normal,0
fan/id_00/abnormal/00000217.wav,00000217.wav,abnormal,1
fan/id_00/normal/00000296.wav,00000296.wav,normal,0
fan/id_00/normal/00000022.wav,00000022.wav,normal,0
fan/id_00/abnormal/00000261.wav,00000261.wav,abnormal,1
fan/id_00/normal/00000881.wav,00000881.wav,normal,0
fan/id_00/normal/00000521.wav,00000521.wav,normal,0
fan/id_00/normal/00000019.wav,00000019.wav,normal,0
fan/id_00/normal/00000940.wav,00000940.wav,normal,0
fan/id_00/normal/00000684.wav,00000684.wav,normal,0
fan/id_00/abnormal/00000252.wav,00000252.wav,abnormal,1
fan/id_00/normal/00000581.wav,00000581.wav,normal,0
fan/id_00/normal/00000827.wav,00000827.wav,normal,0
fan/id_00/normal/00000707.wav,00000707.wav,normal,0
fan/id_00/normal/00000360.wav,00000360.wav,normal,0
fan/id_00/abnormal/00000401.wav,00000401.wav,abnormal,1
fan/id_00/normal/00000111.wav,00000111.wav,normal,0
fan/id_00/normal/00001001.wav,00001001.wav,normal,0
fan/id_00/normal/00000018.wav,00000018.wav,normal,0
fan/id_00/normal/00000093.wav,00000093.wav,normal,0
fan/id_00/normal/00000467.wav,00000467.wav,normal,0
fan/id_00/normal/00000844.wav,00000844.wav,normal,0
fan/id_00/abnormal/00000259.wav,00000259.wav,abnormal,1
fan/id_00/abnormal/00000036.wav,00000036.wav,abnormal,1
fan/id_00/normal/00000637.wav,00000637.wav,normal,0
fan/id_00/normal/00000858.wav,00000858.wav,normal,0
fan/id_00/normal/00000819.wav,00000819.wav,normal,0
fan/id_00/normal/00000623.wav,00000623.wav,normal,0
fan/id_00/normal/00000689.wav,00000689.wav,normal,0
fan/id_00/normal/00000740.wav,00000740.wav,normal,0
fan/id_00/normal/00000394.wav,00000394.wav,normal,0
fan/id_00/normal/00000274.wav,00000274.wav,normal,0
fan/id_00/abnormal/00000362.wav,00000362.wav,abnormal,1
fan/id_00/normal/00000036.wav,00000036.wav,normal,0
fan/id_00/normal/00000483.wav,00000483.wav,normal,0
fan/id_00/normal/00000473.wav,00000473.wav,normal,0
fan/id_00/normal/00000326.wav,00000326.wav,normal,0
fan/id_00/abnormal/00000210.wav,00000210.wav,abnormal,1
fan/id_00/normal/00000672.wav,00000672.wav,normal,0
fan/id_00/abnormal/00000303.wav,00000303.wav,abnormal,1
fan/id_00/abnormal/00000306.wav,00000306.wav,abnormal,1
fan/id_00/normal/00000443.wav,00000443.wav,normal,0
fan/id_00/normal/00000090.wav,00000090.wav,normal,0
fan/id_00/normal/00000820.wav,00000820.wav,normal,0
fan/id_00/normal/00000545.wav,00000545.wav,normal,0
fan/id_00/normal/00000311.wav,00000311.wav,normal,0
fan/id_00/normal/00000845.wav,00000845.wav,normal,0
fan/id_00/abnormal/00000352.wav,00000352.wav,abnormal,1
fan/id_00/normal/00000280.wav,00000280.wav,normal,0
fan/id_00/normal/00000211.wav,00000211.wav,normal,0
fan/id_00/normal/00000792.wav,00000792.wav,normal,0
fan/id_00/abnormal/00000138.wav,00000138.wav,abnormal,1
fan/id_00/abnormal/00000314.wav,00000314.wav,abnormal,1
fan/id_00/abnormal/00000275.wav,00000275.wav,abnormal,1
fan/id_00/abnormal/00000383.wav,00000383.wav,abnormal,1
fan/id_00/normal/00000843.wav,00000843.wav,normal,0
fan/id_00/abnormal/00000364.wav,00000364.wav,abnormal,1
fan/id_00/normal/00000754.wav,00000754.wav,normal,0
fan/id_00/normal/00000677.wav,00000677.wav,normal,0
fan/id_00/normal/00000585.wav,00000585.wav,normal,0
fan/id_00/abnormal/00000116.wav,00000116.wav,abnormal,1
fan/id_00/normal/00000309.wav,00000309.wav,normal,0
fan/id_00/normal/00000319.wav,00000319.wav,normal,0
fan/id_00/abnormal/00000307.wav,00000307.wav,abnormal,1
fan/id_00/normal/00000996.wav,00000996.wav,normal,0
fan/id_00/normal/00000407.wav,00000407.wav,normal,0
fan/id_00/abnormal/00000009.wav,00000009.wav,abnormal,1
fan/id_00/abnormal/00000119.wav,00000119.wav,abnormal,1
fan/id_00/normal/00000823.wav,00000823.wav,normal,0
fan/id_00/abnormal/00000278.wav,00000278.wav,abnormal,1
fan/id_00/abnormal/00000117.wav,00000117.wav,abnormal,1
fan/id_00/normal/00000535.wav,00000535.wav,normal,0
fan/id_00/normal/00000704.wav,00000704.wav,normal,0
fan/id_00/normal/00000680.wav,00000680.wav,normal,0
fan/id_00/abnormal/00000025.wav,00000025.wav,abnormal,1
fan/id_00/normal/00000867.wav,00000867.wav,normal,0
fan/id_00/normal/00000669.wav,00000669.wav,normal,0
fan/id_00/abnormal/00000033.wav,00000033.wav,abnormal,1
fan/id_00/abnormal/00000109.wav,00000109.wav,abnormal,1
fan/id_00/normal/00000716.wav,00000716.wav,normal,0
fan/id_00/normal/00000209.wav,00000209.wav,normal,0
fan/id_00/abnormal/00000277.wav,00000277.wav,abnormal,1
fan/id_00/normal/00000830.wav,00000830.wav,normal,0
fan/id_00/abnormal/00000134.wav,00000134.wav,abnormal,1
fan/id_00/abnormal/00000227.wav,00000227.wav,abnormal,1
fan/id_00/abnormal/00000111.wav,00000111.wav,abnormal,1
fan/id_00/normal/00000739.wav,00000739.wav,normal,0
fan/id_00/normal/00000834.wav,00000834.wav,normal,0
fan/id_00/normal/00000068.wav,00000068.wav,normal,0
fan/id_00/normal/00000158.wav,00000158.wav,normal,0
fan/id_00/normal/00000894.wav,00000894.wav,normal,0
fan/id_00/normal/00000222.wav,00000222.wav,normal,0
fan/id_00/normal/00000307.wav,00000307.wav,normal,0
fan/id_00/normal/00000986.wav,00000986.wav,normal,0
fan/id_00/normal/00000438.wav,00000438.wav,normal,0
fan/id_00/abnormal/00000016.wav,00000016.wav,abnormal,1
fan/id_00/normal/00000497.wav,00000497.wav,normal,0
fan/id_00/normal/00000229.wav,00000229.wav,normal,0
fan/id_00/normal/00000434.wav,00000434.wav,normal,0
fan/id_00/abnormal/00000123.wav,00000123.wav,abnormal,1
fan/id_00/normal/00000982.wav,00000982.wav,normal,0
fan/id_00/normal/00000736.wav,00000736.wav,normal,0
fan/id_00/abnormal/00000207.wav,00000207.wav,abnormal,1
fan/id_00/normal/00000606.wav,00000606.wav,normal,0
fan/id_00/normal/00000908.wav,00000908.wav,normal,0
fan/id_00/normal/00000322.wav,00000322.wav,normal,0
fan/id_00/normal/00000904.wav,00000904.wav,normal,0
fan/id_00/abnormal/00000120.wav,00000120.wav,abnormal,1
fan/id_00/normal/00000956.wav,00000956.wav,normal,0
fan/id_00/normal/00000925.wav,00000925.wav,normal,0
fan/id_00/normal/00000298.wav,00000298.wav,normal,0
fan/id_00/abnormal/00000371.wav,00000371.wav,abnormal,1
fan/id_00/abnormal/00000026.wav,00000026.wav,abnormal,1
fan/id_00/normal/00000539.wav,00000539.wav,normal,0
fan/id_00/normal/00000317.wav,00000317.wav,normal,0
fan/id_00/abnormal/00000128.wav,00000128.wav,abnormal,1
fan/id_00/abnormal/00000386.wav,00000386.wav,abnormal,1
fan/id_00/normal/00000060.wav,00000060.wav,normal,0
fan/id_00/abnormal/00000107.wav,00000107.wav,abnormal,1
fan/id_00/normal/00000836.wav,00000836.wav,normal,0
fan/id_00/normal/00000432.wav,00000432.wav,normal,0
fan/id_00/abnormal/00000125.wav,00000125.wav,abnormal,1
fan/id_00/normal/00000770.wav,00000770.wav,normal,0
fan/id_00/normal/00000264.wav,00000264.wav,normal,0
fan/id_00/normal/00000852.wav,00000852.wav,normal,0
fan/id_00/abnormal/00000242.wav,00000242.wav,abnormal,1
fan/id_00/normal/00000628.wav,00000628.wav,normal,0
fan/id_00/normal/00000591.wav,00000591.wav,normal,0
fan/id_00/normal/00000891.wav,00000891.wav,normal,0
fan/id_00/normal/00000219.wav,00000219.wav,normal,0
fan/id_00/abnormal/00000023.wav,00000023.wav,abnormal,1
fan/id_00/normal/00000944.wav,00000944.wav,normal,0
fan/id_00/abnormal/00000043.wav,00000043.wav,abnormal,1
fan/id_00/abnormal/00000113.wav,00000113.wav,abnormal,1
fan/id_00/abnormal/00000249.wav,00000249.wav,abnormal,1
fan/id_00/normal/00000938.wav,00000938.wav,normal,0
fan/id_00/normal/00000046.wav,00000046.wav,normal,0
fan/id_00/normal/00000306.wav,00000306.wav,normal,0
fan/id_00/normal/00000286.wav,00000286.wav,normal,0
fan/id_00/normal/00000886.wav,00000886.wav,normal,0
fan/id_00/abnormal/00000366.wav,00000366.wav,abnormal,1
fan/id_00/abnormal/00000344.wav,00000344.wav,abnormal,1
fan/id_00/normal/00000350.wav,00000350.wav,normal,0
fan/id_00/normal/00000750.wav,00000750.wav,normal,0
fan/id_00/abnormal/00000045.wav,00000045.wav,abnormal,1
fan/id_00/abnormal/00000166.wav,00000166.wav,abnormal,1
fan/id_00/normal/00000108.wav,00000108.wav,normal,0
fan/id_00/normal/00000470.wav,00000470.wav,normal,0
fan/id_00/abnormal/00000221.wav,00000221.wav,abnormal,1
fan/id_00/normal/00000297.wav,00000297.wav,normal,0
fan/id_00/normal/00000083.wav,00000083.wav,normal,0
fan/id_00/normal/00000227.wav,00000227.wav,normal,0
fan/id_00/normal/00000299.wav,00000299.wav,normal,0
fan/id_00/normal/00000212.wav,00000212.wav,normal,0
fan/id_00/normal/00000169.wav,00000169.wav,normal,0
fan/id_00/normal/00000685.wav,00000685.wav,normal,0
fan/id_00/normal/00000149.wav,00000149.wav,normal,0
fan/id_00/normal/00000234.wav,00000234.wav,normal,0
fan/id_00/normal/00000316.wav,00000316.wav,normal,0
fan/id_00/abnormal/00000126.wav,00000126.wav,abnormal,1
fan/id_00/abnormal/00000244.wav,00000244.wav,abnormal,1
fan/id_00/normal/00000097.wav,00000097.wav,normal,0
fan/id_00/normal/00000494.wav,00000494.wav,normal,0
fan/id_00/normal/00000485.wav,00000485.wav,normal,0
fan/id_00/normal/00000303.wav,00000303.wav,normal,0
fan/id_00/normal/00000402.wav,00000402.wav,normal,0
fan/id_00/normal/00000204.wav,00000204.wav,normal,0
fan/id_00/normal/00000715.wav,00000715.wav,normal,0
fan/id_00/normal/00000409.wav,00000409.wav,normal,0
fan/id_00/abnormal/00000150.wav,00000150.wav,abnormal,1
fan/id_00/normal/00000900.wav,00000900.wav,normal,0
fan/id_00/abnormal/00000279.wav,00000279.wav,abnormal,1
fan/id_00/abnormal/00000186.wav,00000186.wav,abnormal,1
fan/id_00/normal/00000624.wav,00000624.wav,normal,0
fan/id_00/normal/00000077.wav,00000077.wav,normal,0
fan/id_00/normal/00000051.wav,00000051.wav,normal,0
fan/id_00/normal/00000188.wav,00000188.wav,normal,0
fan/id_00/normal/00000246.wav,00000246.wav,normal,0
fan/id_00/normal/00000433.wav,00000433.wav,normal,0
fan/id_00/abnormal/00000191.wav,00000191.wav,abnormal,1
fan/id_00/normal/00000042.wav,00000042.wav,normal,0
fan/id_00/normal/00001002.wav,00001002.wav,normal,0
fan/id_00/normal/00000463.wav,00000463.wav,normal,0
fan/id_00/abnormal/00000065.wav,00000065.wav,abnormal,1
fan/id_00/abnormal/00000187.wav,00000187.wav,abnormal,1
fan/id_00/normal/00000885.wav,00000885.wav,normal,0
fan/id_00/normal/00000261.wav,00000261.wav,normal,0
fan/id_00/normal/00000144.wav,00000144.wav,normal,0
fan/id_00/abnormal/00000092.wav,00000092.wav,abnormal,1
fan/id_00/normal/00000529.wav,00000529.wav,normal,0
fan/id_00/abnormal/00000185.wav,00000185.wav,abnormal,1
fan/id_00/abnormal/00000330.wav,00000330.wav,abnormal,1
fan/id_00/normal/00000619.wav,00000619.wav,normal,0
fan/id_00/normal/00000962.wav,00000962.wav,normal,0
fan/id_00/normal/00000137.wav,00000137.wav,normal,0
fan/id_00/normal/00000767.wav,00000767.wav,normal,0
fan/id_00/abnormal/00000391.wav,00000391.wav,abnormal,1
fan/id_00/normal/00000115.wav,00000115.wav,normal,0
fan/id_00/normal/00000965.wav,00000965.wav,normal,0
fan/id_00/abnormal/00000268.wav,00000268.wav,abnormal,1
fan/id_00/abnormal/00000237.wav,00000237.wav,abnormal,1
fan/id_00/normal/00000567.wav,00000567.wav,normal,0
fan/id_00/abnormal/00000271.wav,00000271.wav,abnormal,1
fan/id_00/normal/00000537.wav,00000537.wav,normal,0
fan/id_00/normal/00000608.wav,00000608.wav,normal,0
fan/id_00/abnormal/00000115.wav,00000115.wav,abnormal,1
fan/id_00/normal/00000658.wav,00000658.wav,normal,0
fan/id_00/abnormal/00000090.wav,00000090.wav,abnormal,1
fan/id_00/normal/00000055.wav,00000055.wav,normal,0
fan/id_00/normal/00000157.wav,00000157.wav,normal,0
fan/id_00/normal/00000803.wav,00000803.wav,normal,0
fan/id_00/normal/00000481.wav,00000481.wav,normal,0
fan/id_00/normal/00000289.wav,00000289.wav,normal,0
fan/id_00/abnormal/00000291.wav,00000291.wav,abnormal,1
fan/id_00/abnormal/00000064.wav,00000064.wav,abnormal,1
fan/id_00/normal/00000056.wav,00000056.wav,normal,0
fan/id_00/normal/00000550.wav,00000550.wav,normal,0
fan/id_00/abnormal/00000080.wav,00000080.wav,abnormal,1
fan/id_00/normal/00000233.wav,00000233.wav,normal,0
fan/id_00/normal/00000822.wav,00000822.wav,normal,0
fan/id_00/normal/00000011.wav,00000011.wav,normal,0
fan/id_00/abnormal/00000393.wav,00000393.wav,abnormal,1
fan/id_00/normal/00000412.wav,00000412.wav,normal,0
fan/id_00/normal/00000898.wav,00000898.wav,normal,0
fan/id_00/abnormal/00000169.wav,00000169.wav,abnormal,1
fan/id_00/normal/00000997.wav,00000997.wav,normal,0
fan/id_00/abnormal/00000147.wav,00000147.wav,abnormal,1
fan/id_00/normal/00000503.wav,00000503.wav,normal,0
